1,debug,-1
2,debug,-1
3,debug,-1
4,jeff,1071
5,cease and desist,97
1,debug,-1
2,debug,-1
3,debug,-1
4,jeff,1071
5,cease and desist,97
1,debug,-1
2,debug,-1
3,debug,-1
4,jeff,1071
5,cease and desist,97
1,debug,-1
2,debug,-1
3,debug,-1
4,jeff,1071
5,bla,1031
6,bla,1031
7,bla,1031
8,bla,1031
9,bla,1031
10,bla,103
11,bla,1031
12,bla,1031
13,bla,1031
14,bla,1031
15,bla,1031
16,bla,1031
17,bla,1031
18,bla,1031
19,bla,1031
20,bla,1031
5,bla,1031
5,bla,1031
5,bla,1031
5,bla,1031
5,bla,1031
5,bla,1031
5,bla,1031
5,bla,1031
5,bla,1031
5,bla,1031
46,bla,1031
47,Ethan,1083
